"Код по ЕГРПОУ","Полное наименование","Основной менеджер покупателя"
"222226","ПрАТ ""ЗАПОРІЗЬКИЙ АБРАЗИВНИЙ КОМБІНАТ""","Єрмішин Євген Васильович"
"20499361","ТОВ ""КРУГ ЛТД""","Єрмішин Євген Васильович"
"22020055","Донецька дирекція УДППЗ ""Укрпошта""","Єрмішин Євген Васильович"
"24513945","ПРИВАТНЕ ПІДПРИЄМСТВО ""БРІГ""","Єрмішин Євген Васильович"
"31575976","ТОВАРИСТВО З ОБМЕЖЕНОЮ ВІДПОВІДАЛЬНІСТЮ ""АВТО-М""","Єрмішин Євген Васильович"
"31598841","ТОВАРИСТВО З ОБМЕЖЕНОЮ ВІДПОВІДАЛЬНІСТЮ ""МОНТАЖНО-БУДІВЕЛЬНА КОМПАНІЯ""","Єрмішин Євген Васильович"
"31691350","ТОВ ""Форсаж""","Єрмішин Євген Васильович"
"32183383","ТОВ ""СРЗ""","Єрмішин Євген Васильович"
"32692239","Товариство з обмеженою відповідальністю ""Авангард-Інвест""","Єрмішин Євген Васильович"
"32727466","ТОВ ""Данко""","Єрмішин Євген Васильович"
"33380502","ТОВАРИСТВО З ОБМЕЖЕНОЮ ВІДПОВІДАЛЬНІСТЮ ""КОСТЯНТИНІВСЬКИЙ МЕТІЗНИЙ ЗАВОД""","Єрмішин Євген Васильович"
"34195762","Приватне підприємство ""Універсалгазбуд""","Єрмішин Євген Васильович"
"35203852","ТОВ ""АЛЬФАТЕХ""","Єрмішин Євген Васильович"
"35636403","Товариство з обмеженою відповідальністю ""Торгівельна компанія ""СІНТЕЗ ОЙЛ""","Єрмішин Євген Васильович"
"35672291","ТОВ ""ДИАД -К""","Єрмішин Євген Васильович"
"36899164","ТОВ ""КОМПЛЕКС ""ЦЕНТРАЛЬНИЙ""","Єрмішин Євген Васильович"
"38229192","ТОВАРИСТВО З ОБМЕЖЕНОЮ ВІДПОВІДАЛЬНІСТЮ""ІНКОМ-ВП""","Єрмішин Євген Васильович"
"38580694","ПП "" Агропростор""","Єрмішин Євген Васильович"
"38597692","Товариство з обмеженою відповідальністю ""ВТК-4""","Єрмішин Євген Васильович"
"38912806","Товариство з обмеженою відповідальністю ""ЗАПОРІЖПРОМ ОЙЛ""","Єрмішин Євген Васильович"
"38920229","Товариство з обмежеою відповідальністю ""ТОРГОВИЙ ДІМ ""АЛЕКСАНДР""","Єрмішин Євген Васильович"
"39618388","ТОВ""ВІКО2015""","Єрмішин Євген Васильович"
"39733460","ТОВ ""ТД Донмашгруп ""","Єрмішин Євген Васильович"
"39944413","ТОВ ""Днепрстройгрупп""","Єрмішин Євген Васильович"
"39994616","ТОВ ""МК-Сервіс""","Єрмішин Євген Васильович"
"40002253","ТОВ ""ІНТРЕЙД МІКС""","Єрмішин Євген Васильович"
"40095653","ТОВ ""КОМПАНІЯ НІКА-БУД""","Єрмішин Євген Васильович"
"40318925","ТОВ ""ТРАНССЕРВІСТРЕЙД""","Єрмішин Євген Васильович"
"40665017","ТОВ ""Омега -Строй-11""","Єрмішин Євген Васильович"
"40993893","ТОВ ""ТК-ФЕНІКС ПЛЮС""","Єрмішин Євген Васильович"
"41180330","ТОВ ""ДАРСІ ГРУП""","Єрмішин Євген Васильович"
"41249140","ТОВ ""ФЕЛІЦИТАС""","Єрмішин Євген Васильович"
"41319165","ТОВ"" ДЖЕТ ГРУП ""","Єрмішин Євген Васильович"
"41326366","ТОВ ""Восток Автологистик""","Єрмішин Євген Васильович"
"41344427","ТОВ ""ОМЕГА-СТРОЙ+11""","Єрмішин Євген Васильович"
"41388092","ТОВ ""ЦЕНТРАГРО УКРАЇНА""","Єрмішин Євген Васильович"
"41394766","ТОВ ""Прогр-ес Трейд Агро""","Єрмішин Євген Васильович"
"2337820857","ФОП Варосян Вачаган Карленович","Єрмішин Євген Васильович"
"3118025719","Шапошніков Євген Павлович","Єрмішин Євген Васильович"
"3342681","Комунальне підприємство електромереж зовнішнього освітлення  ""Міськсвітло""","Корольов Дмитро Володимирович"
"3361508","КП ""Маріупольське виробниче управління водопровідно-каналізаційного господарства""","Корольов Дмитро Володимирович"
"5541120","ПрАТ ""Бердянське підприємство теплових мереж""","Корольов Дмитро Володимирович"
"30097481","ТОВ ""Співдружність""","Корольов Дмитро Володимирович"
"32368222","ДЕРЖАВНЕ ПІДПРИЄМСТВО ""ДОСЛІДНЕ ГОСПОДАРСТВО ІНСТИТУТУ РИСУ НАЦІОНАЛЬНОЇ АКАДЕМІЇ АГРАРНИХ НАУК УКРА","Корольов Дмитро Володимирович"
"33760279","Комунальне комерційне підприємство Маріупольської міської ради ""Маріупольтепломережа""","Корольов Дмитро Володимирович"
"34225938","ДП ""Донецький науково-виробничий центр стандартизації, метрології та сертифікації""","Корольов Дмитро Володимирович"
"39535218","ТОВ ""Караван-Сарай""","Корольов Дмитро Володимирович"
"40757537","ТОВ ""ФРЕШ МІКС""","Корольов Дмитро Володимирович"
"2003617","КОМУНАЛЬНА ЗАКЛАД ОХОРОНИ ЗДОРОВ'Я ОБЛАСНИЙ ГОСПІТАЛЬ ВЕТЕРАНІВ ВІЙНИ","Костюк Артем Николаевич"
"2144631","Відділ освіти Самбірської райдержадміністрації","Костюк Артем Николаевич"
"3749098","ТОВ ""Зразкове""","Костюк Артем Николаевич"
"4402563","Грицівська селищна рада","Костюк Артем Николаевич"
"14312223","Національний науковий центр ""Харківський ізико-технічний інститут"", Науково-технічний комплекс ""Ядерний паливний цикл"" Національного наукового центру ""Харківський фізико-технічний інститут""","Костюк Артем Николаевич"
"14312223","Національний науковий центр ""Харківський фізико-технічний інститут""","Костюк Артем Николаевич"
"14316155","НДК ""Прискорювач"" ННЦ ХФТІ","Костюк Артем Николаевич"
"33378137","ТОВАРИСТВО З ОБМЕЖЕНОЮ ВІДПОВІДАЛЬНІСТЮ ""КОМПАНІЯ ""СКІФ - ХХІ""","Костюк Артем Николаевич"
"34976634","КОМУНАЛЬНЕ ПІДПРИЄМСТВО ""НАДВІРНЯНСЬКИЙ ЖИТЛОВИК""","Костюк Артем Николаевич"
"36649209","ПРИВАТНЕ ПІДПРИЄМСТВО ""КОМПАНІЯ ""СКІФ-ХХІ""","Костюк Артем Николаевич"
"38422934","ВІДДІЛ ОСВІТИ, МОЛОДІ ТА СПОРТУ ЛАНОВЕЦЬКОЇ РАЙОННОЇ ДЕРЖАВНОЇ АДМІНІСТРАЦІЇ","Костюк Артем Николаевич"
"38492302","КЗ ""Рівненський районний центр первинної медико-санітарної допомоги""","Костюк Артем Николаевич"
"39768252","ОРГАН ДЕРЖАВНОЇ ВЛАДИ ГОЛОВНЕ УПРАВЛІННЯ ДЕРЖГЕОКАДАСТРУ У РІВНЕНСЬКІЙ ОБЛАСТІ","Костюк Артем Николаевич"
"41829167","КУ СОКАЛЬСЬКОЇ РАЙОННОЇ РАДИ ЛЬВІВСЬКОЇ ОБЛАСТІ ""ЦЕНТР З ОБСЛУГОВУВАННЯ ЗАКЛАДІВ ОСВІТИ СОКАЛЬСЬКОГО РАЙОНУ""","Костюк Артем Николаевич"
"130926","Відкрите акціонерне товариство ""Запоріжжяобленерго""","Макаров Андрій Валеріойвич"
"374545","ПРАТ  ""ДОНЕЦЬКИЙ БКК""","Макаров Андрій Валеріойвич"
"495832","Українська науково-дослідна станція карантину рослин ІЗР НААН","Макаров Андрій Валеріойвич"
"497176","ІНСТИТУТ РОСЛИННИЦТВА ІМ.В.Я.ЮР'ЄВА НАЦІОНАЛЬНОЇ АКАДЕМІЇ АГРАРНИХ НАУК УКРАЇНИ","Макаров Андрій Валеріойвич"
"724882","Дердавна Установа ""Миколаївська державна установа сільскогосподарська дослідна станція інституту зрошувального землеробства Національної академії аграрних наук України""","Макаров Андрій Валеріойвич"
"730750","Управління агропромислового розвитку Олександрівської райдержадміністрації","Макаров Андрій Валеріойвич"
"1983051","Камінь-Каширська центральна районна лікарня","Макаров Андрій Валеріойвич"
"1983588","Новоайдарське районне територіальне медичне об'єднання","Макаров Андрій Валеріойвич"
"1983654","КУ""Попаснянська центральна районна лікарня""","Макаров Андрій Валеріойвич"
"1990217","КЗОЗ «Бахмутська ЦРЛ»","Макаров Андрій Валеріойвич"
"1991280","Новоград-Волинське міськрайонне територіальне медичне об'єднання","Макаров Андрій Валеріойвич"
"1992015","Бердичівська центральна міська лікарня","Макаров Андрій Валеріойвич"
"1993440","Болехівська Центральна міська лікарня","Макаров Андрій Валеріойвич"
"1995083","Світловодська центральна районна лікарня","Макаров Андрій Валеріойвич"
"1998408","Міська лікарня №4 Миколаєв","Макаров Андрій Валеріойвич"
"2000317","Комунальна установа «Сумська міська клінічна лікарня № 5»","Макаров Андрій Валеріойвич"
"2004404","Полонська центральна районна лікарня ім. Наталії Савеліївни Говорун","Макаров Андрій Валеріойвич"
"2005705","Глибоцька центральна районна комунальна лікарня Глибоцької районної ради","Макаров Андрій Валеріойвич"
"2005869","Сторожинецька центральна районна лікарня","Макаров Андрій Валеріойвич"
"2010741","Запорізький державний медичний університет","Макаров Андрій Валеріойвич"
"2010971","Вищий державний навчальний заклад України "" Буковинський державний медичний університет""","Макаров Андрій Валеріойвич"
"2013248","ВІДДІЛ ОХОРОНИ ЗДОРОВ'Я УМАНСЬКОЇ МІСЬКОЇ РАДИ","Макаров Андрій Валеріойвич"
"2071100","Полтавський національний технічний університет імені Юрія Кондратюка","Макаров Андрій Валеріойвич"
"2136258","Відділ освіти,молоді та спорту Пологівської районної державної адміністрації Запорізької обл.","Макаров Андрій Валеріойвич"
"2142081","Відділ освіти Новопсковської РДА","Макаров Андрій Валеріойвич"
"2143548","Управління освіти, молоді та спорту Коломийської райдержадміністрації ","Макаров Андрій Валеріойвич"
"2143910","ВІДДІЛ ОСВІТИ БОРОДЯНСЬКОЇ РАЙОННОЇ ДЕРЖАВНОЇ АДМІНІСТРАЦІЇ","Макаров Андрій Валеріойвич"
"2147173","Відділ освіти Смілянської районної державної адміністрації","Макаров Андрій Валеріойвич"
"2312778","Фінансове управління Олександрівської РДА","Макаров Андрій Валеріойвич"
"2891463","Головне територіальне управління юстиції у Запорізькій обл.","Макаров Андрій Валеріойвич"
"2930482","УПРАВЛІННЯ У СПРАВАХ ФІЗИЧНОЇ КУЛЬТУРИ І СПОРТУ МИКОЛАЇВСЬКОЇ МІСЬКОЇ РАДИ","Макаров Андрій Валеріойвич"
"3091380","Станція швидкої медичної допомоги м. Рубіжне","Макаров Андрій Валеріойвич"
"3190521","Баштанський психоневрологічний інтернат","Макаров Андрій Валеріойвич"
"3328635","Міське комунальне підприємство ""ХЕРСОНЕЛЕКТРОТРАНС""","Макаров Андрій Валеріойвич"
"3341517","КП ""Новомосковський комбінат комунальних підприємств""","Макаров Андрій Валеріойвич"
"3352490","КОМУНАЛЬНЕ ПІДПРИЄМСТВО «ЗЕЛЕНЕ БУДІВНИЦТВО» СУМСЬКОЇ МІСЬКОЇ РАДИ ","Макаров Андрій Валеріойвич"
"3362152","Спеціалізоване комунальне підприємство ""Харківзеленбуд"" Харківської міської ради","Макаров Андрій Валеріойвич"
"4054091","Відділ капітального будівництва Мелітопольської міської ради Запорізької області","Макаров Андрій Валеріойвич"
"4057758","Виконавчий комітет Рівненської міської ради","Макаров Андрій Валеріойвич"
"4418162","Великокучурівська сільска рада","Макаров Андрій Валеріойвич"
"4590079","Мішково-Погорілівська ЗОСШ-інтернат I-III ступенів","Макаров Андрій Валеріойвич"
"4591593","КОМУНАЛЬНА ОРГАНІЗАЦІЯ (УСТАНОВА, ЗАКЛАД) КОМУНАЛЬНИЙ ЗАКЛАД ""МИХАЙЛІВСЬКА СПЕЦІАЛЬНА ЗАГАЛЬНООСВІТНЯ ШКОЛА-ІНТЕРНАТ ЧЕРКАСЬКОЇ ОБЛАСНОЇ РАДИ""","Макаров Андрій Валеріойвич"
"5483078","Міська лікарня № 1","Макаров Андрій Валеріойвич"
"5498789","КУ ""Запорізька міська багатопрофільна дитяча лікарня ""5""","Макаров Андрій Валеріойвич"
"5499056","КУ""Міська стоматологічна поліклініка №6""","Макаров Андрій Валеріойвич"
"5499085","КУ""Запорізька обласна станція переливання крові""Запорізької обласної ради","Макаров Андрій Валеріойвич"
"5755571","ПАТ "" ЗАПОРІЗЬКИЙ ЗАВОД""ПЕРЕТВОРЮВАЧ""","Макаров Андрій Валеріойвич"
"8588599","Аварійно-рятувальний загін спеціального призначення Головного управління Державної служби України з надзвичаних ситуацій у Луганській області","Макаров Андрій Валеріойвич"
"14312921","ДП ""ІВЧЕНКО-ПРОГРЕС""","Макаров Андрій Валеріойвич"
"14372998","Управління з питань надзвичайний ситуацій Луганської обласної державної адміністрації","Макаров Андрій Валеріойвич"
"20539439","КОЛОМИЙСЬКЕ МІЖРАЙОННЕ УПРАВЛІННЯ ВОДНОГО ГОСПОДАРСТВА","Макаров Андрій Валеріойвич"
"22123559","ТОВАРИСТВО З ОБМЕЖЕНОЮ ВІДПОВІДАЛЬНІСТЮ""ЖЕКОН""","Макаров Андрій Валеріойвич"
"22769675","Подільський аграрно-технічний університет/коледж ПДАТУ","Макаров Андрій Валеріойвич"
"23066473","КЗ ""Павлоградський пологовий будинок ""ДОР","Макаров Андрій Валеріойвич"
"23655123","ДП ХМЕЛЬНИЦЬКЕ ДЕРЖАВНЕ ЕКСПЕРИМЕНТАЛЬНЕ ПРОТЕЗНО-ОРТОПЕДИЧНЕ ПІДПРИЄМСТВО","Макаров Андрій Валеріойвич"
"23824057","Комунальний заклад Сумської обласної ради «Сумський обласний центр екстреної медичної допомоги та медицини катастроф»","Макаров Андрій Валеріойвич"
"24846575","Луганський обласний наркологічний диспансер","Макаров Андрій Валеріойвич"
"24905013","ПАТ ""Державний єкспортно-імпортний банк""Філя АТ ""Укрексимбанк"" в м.Запоріжжі","Макаров Андрій Валеріойвич"
"25213984","ТОВАРИСТВО З ОБМЕЖЕНОЮ ВІДПОВІДАЛЬНІСТЮ ФІРМА ""ВЕРТОН-СЕРВІС""","Макаров Андрій Валеріойвич"
"25370548","Комунальна установа ""Територіальне медичне об'єднання м.Лисичанськ""","Макаров Андрій Валеріойвич"
"26084856","КУ ""Обласний територіальний центр екстреної медичної допомоги та медицини катастроф"" Херсонської обл","Макаров Андрій Валеріойвич"
"26249790","Філія Мелітопольська ДЕД ДП ""Запорізький облавтодор"" ВАТ ""Державна акціонерна компанія ""Автомобільні","Макаров Андрій Валеріойвич"
"26349674","Управління охорони здоров'я Рубіжанської міської ради","Макаров Андрій Валеріойвич"
"30566739","ТОВАРИСТВО З ОБМЕЖЕНОЮ ВІДПОВІДАЛЬНІСТЮ""АВТО ГРАНІТ""","Макаров Андрій Валеріойвич"
"31319242","ОКП ""Миколаївоблтеплоенерго""","Макаров Андрій Валеріойвич"
"31448144","МКП ""Миколаївводоканал""","Макаров Андрій Валеріойвич"
"31887442","МІСЬКЕ КОМУНАЛЬНЕ ПІДПРИЄМСТВО ""ЧЕНРНІВЦІСПЕЦКОМУНТРАНС""","Макаров Андрій Валеріойвич"
"31970451","КП""МІСЬКИЙ ФУТБОЛЬНИЙ КЛУБ "" МЕТАЛУРГ""","Макаров Андрій Валеріойвич"
"32025623","ДП ""Запорізький облавтодор"" ВАТ ""ДАК ""Автомобільні дороги України""","Макаров Андрій Валеріойвич"
"32320725","Комунальне підприємство ""Полігон твердих побутових відходів""","Макаров Андрій Валеріойвич"
"32679659","Міське комунальне підприємство «Новомосковський комбінат комунальних підприємств»","Макаров Андрій Валеріойвич"
"32696035","ТОВ ""Центр ""ГАЗ запчастина""","Макаров Андрій Валеріойвич"
"33161418","ТОВАРИСТВО З  ОБМЕЖЕНОЮ ВІДПОВІДАЛЬНІСТЮ ""ДОНЕЦКСТРОЙТЕХНОЛОГИЯ""","Макаров Андрій Валеріойвич"
"33278706","ГАЛИЦЬКИЙ НАЦІОНАЛЬНИЙ ПРИРОДНИЙ ПАРК","Макаров Андрій Валеріойвич"
"33610760","ТОВ""НВК""ЗАПОРІЖАВТОПОБУТХIМ""","Макаров Андрій Валеріойвич"
"33645903","КП ""Полігон ТПВ""","Макаров Андрій Валеріойвич"
"34167494","КЗ ЛОР ""Львівський обласний центр екстренної медичної допомоги та медицини катастроф""","Макаров Андрій Валеріойвич"
"34328815","КП ""Сумижилкомсервіс""СМР","Макаров Андрій Валеріойвич"
"34519280"," Міське комунальне підприємство «Чернівцітеплокомуненерго»","Макаров Андрій Валеріойвич"
"35238639","КП "" Мелітополькомунтранс"" Мелітопольської міської ради Запорізької області","Макаров Андрій Валеріойвич"
"36320760","ТОВ ""ПРОМЕЛЕКТРОПЛЮС""","Макаров Андрій Валеріойвич"
"36381839","Управління каналів Північно - Рогачикської зрошувальної системи","Макаров Андрій Валеріойвич"
"36381844","Придніпровське міжрайонне управління водного господарства","Макаров Андрій Валеріойвич"
"36778980","Смілянське КП ""Комунальник""","Макаров Андрій Валеріойвич"
"36835708","ТОВ "" ПАЛИВА ОЛИВА ТА МАСТИЛА-2009","Макаров Андрій Валеріойвич"
"37109943","КП ""Водоканал"" Ладанської селищної ради","Макаров Андрій Валеріойвич"
"37595040","РКП ""Об'єднане""","Макаров Андрій Валеріойвич"
"37624798","КЗ""Дубенська центральна районна лікарня"" Дубенської районної ради Рівненської області ","Макаров Андрій Валеріойвич"
"37678094","ТОВ ""ВІЗАРД ГРУП""","Макаров Андрій Валеріойвич"
"37691686","Комунальний заклад охорони здоров’я «Великоновосілківський районний центр первинної медико-санітарної допомоги»","Макаров Андрій Валеріойвич"
"37928735","КУ "" Попаснянський районний центр первинної медико-санітарної допомоги"" ","Макаров Андрій Валеріойвич"
"38342092","25 ДПРЧ ГУ ДСМС України у Миколаївській обл","Макаров Андрій Валеріойвич"
"38434908","ТОВ ""ЗАВ-АГРО""","Макаров Андрій Валеріойвич"
"38461580","ТОВ ""ПЖК-ЗАПОРІЖЖЯ""","Макаров Андрій Валеріойвич"
"38503159","КЗ ""ЦПМСД №3 м. Полтави""","Макаров Андрій Валеріойвич"
"38536069","ОКУ ""Чернівецький обласний центр екстреної медичної допомоги та медицини катастроф""","Макаров Андрій Валеріойвич"
"38541220","Сторожинецька районний центр первинної медико-санаторної допомоги","Макаров Андрій Валеріойвич"
"38563270","КУ ""Запорізька станція екстреної (швидкої) медичної допомоги"" ЗОР","Макаров Андрій Валеріойвич"
"38654509","ТОВ ""Рмк-Альянс""","Макаров Андрій Валеріойвич"
"38783657","Комунальний заклад ""Центр первинної медико-санітраної допомоги №2""","Макаров Андрій Валеріойвич"
"38839683","ТОВ ""ДАРІНО""","Макаров Андрій Валеріойвич"
"38851035","КУ ""ІАЦМС""","Макаров Андрій Валеріойвич"
"38969678","КЗ ""Центр первинної медико-санітарної допомоги № 6""","Макаров Андрій Валеріойвич"
"39280223","ТОВ ""УКРВТОРРЕСУРСИ-БУКОВИНА""","Макаров Андрій Валеріойвич"
"39336270","ТОВ """"ЕЛЕКТРОХАТА""","Макаров Андрій Валеріойвич"
"39412602","ТОВАРИСТВО З ОБМЕЖЕНОЮ ВІДПОВІДАЛЬНІСТЮ ""АРХІТЕКТУРНЕ БЮРО ""МОДУС""","Макаров Андрій Валеріойвич"
"39804824","ТОВ ""ТЕПЛОІНВЕСТ-ЗАПОРІЖЖЯ""","Макаров Андрій Валеріойвич"
"40108782","ГУНП в Херсонській області ","Макаров Андрій Валеріойвич"
"40108850","Управління поліції охорони в Херсонській області","Макаров Андрій Валеріойвич"
"40109189","Управління поліції охорони в Донецькій області","Макаров Андрій Валеріойвич"
"40210421","Виконком Богданівка","Макаров Андрій Валеріойвич"
"40212371","Відділ освіти, молоді та спорту Гадяцької міської ради Полтавської області","Макаров Андрій Валеріойвич"
"40267420","ПП «ЗОВ-Агро»","Макаров Андрій Валеріойвич"
"40296865","ТОВ ""ТЕПЛОІНВЕСТ-ХЕРСОН""","Макаров Андрій Валеріойвич"
"40356832","ТОВ ""ТЕПЛОІНВЕСТ-МЕЛІТОПОЛЬ""","Макаров Андрій Валеріойвич"
"40452292","ТОВ ""ТЕПЛОІНВЕСТ-СОКІЛ""","Макаров Андрій Валеріойвич"
"40462997","МКП ""Притулок для тварин""","Макаров Андрій Валеріойвич"
"40525962","ТОВ ""Юдіс ЛТД""","Макаров Андрій Валеріойвич"
"40823143","КП ""Миколаївський міжнародний аеропорт"" Миколаївської обласної ради","Макаров Андрій Валеріойвич"
"41046555","КЗ „Павлоградський районний центр з обслуговування закладів освіти”","Макаров Андрій Валеріойвич"
"41605797","Відділ освіти, молоді та спорту виконавчого комітету Омельницької сільської ради Кременчуцького району Полтавської області ","Макаров Андрій Валеріойвич"
"2245516341","ФО-П Федорова Наталія Олександрівна ","Макаров Андрій Валеріойвич"
"3006921179","Фізична особа-підприємець Чорний Віталій Анатолійович","Макаров Андрій Валеріойвич"
"37890822 ","КП ""КЗ ""Центр первинної медико-санітарної допомоги"" Костянтинівської міської ради""","Макаров Андрій Валеріойвич"
"3195441","Управління праці та соціального захисту населення виконавчого комітету Рівненської міської ради","Макаров Євген Валеріойвич"
"3351898","Кременчуцьке комунальне автотранспортне підприємство 1628","Макаров Євген Валеріойвич"
"32536257","ТОВ ""ТЕХНОТРЕЙД ЛТД""","Макаров Євген Валеріойвич"
"37894885","Краснолиманський центр первинної медико-санітарної допомоги ім. М.І.Лядукіна","Макаров Євген Валеріойвич"
"38230150","ТОВ ""Оріхівський піщаний кар'єр""","Макаров Євген Валеріойвич"
"38412224","КЗ «Новоодеський РЦ ПМСД»","Макаров Євген Валеріойвич"
"38969615","КОМУНАЛЬНИЙ ЗАКЛАД ""Центр первинної медико-санітраної допомоги №9""","Макаров Євген Валеріойвич"
"3362413","КСП ""Запоріжзеленгосп"" ЗОР","Малахов Роман Володимирович"
"5383661","ТОВАРИСТВО З ДОДАТКОВОЮ ВІДПОВІДАЛЬНІСТЮ""ВЕСЕЛІВСЬКИЙ ЗАВОД СУХОГО ЗНЕЖИРЕНОГО МОЛОКА""","Малахов Роман Володимирович"
"13491258","КЛПУ""""Обласний  центр екстреної медичної допомоги та медицини катастроф""","Малахов Роман Володимирович"
"23074567","ТОВ ВБКФ  ""ОЛАНВО""","Малахов Роман Володимирович"
"24452250","ПП ""АВТОДІЗАЙН""","Малахов Роман Володимирович"
"25216592","ТОВАРИСТВО З ОБМЕЖЕНОЮ ВІДПОВІДАЛЬНІСТЮ ""КАПІТАЛ СЕРВІС""","Малахов Роман Володимирович"
"30208987","ТОВ""АРДА-ДОН""","Малахов Роман Володимирович"
"30421048","ТОВ ""Титан-Трейд""","Малахов Роман Володимирович"
"30502069","ПП ""Промтехсервіс""","Малахов Роман Володимирович"
"31708149","ТОВ ""БУД СІЧ""","Малахов Роман Володимирович"
"32341216","ТОВ ""Метекс-інвест""","Малахов Роман Володимирович"
"33610687","ТОВ ""АЙ ДИ""","Малахов Роман Володимирович"
"33680859","ТОВ ""Нафтотрейд Ресурс""","Малахов Роман Володимирович"
"34774005","Товариство з обмеженою відповідальністю ""Співдружність Агротехмаш""","Малахов Роман Володимирович"
"34789456","ТОВ ""Будівельна компанія Дельта III""","Малахов Роман Володимирович"
"36836110","ТОВ ""АВАНГАРД-АГРО""","Малахов Роман Володимирович"
"37791075","Товариство з обмеженою відповідальністю ""ДТК-ТРЕЙДІНГ""","Малахов Роман Володимирович"
"38472131","ТОВ ""Автоспецгрупп""","Малахов Роман Володимирович"
"38955340","ТОВАРИСТВО З ОБМЕЖЕНОЮ ВІДПОВІДАЛЬНІСТЮ ""ТРЕЙД АССІСТ""","Малахов Роман Володимирович"
"39126316","ТОВАРИСТВО З ОБМЕЖЕНОЮ ВІДПОВІДАЛЬНІСТЮ""БУДІВЕЛЬНА КОМПАНІЯ""ІНКОМ""","Малахов Роман Володимирович"
"39469334","ТОВ ""АМ ІНТЕГРАТОР ГРУП""","Малахов Роман Володимирович"
"39479286","ТОВАРИСТВО З ОБМЕЖЕНОЮ ВІДПОВІДАЛЬНІСТЮ ""СПЕЦУКРЗАПЧАСТИНА""","Малахов Роман Володимирович"
"39534628","ТОВАРИСТВО З ОБМЕЖЕНОЮ ВІДПОВІДАЛЬНІСТЮ ""Євро-Транс Україна""","Малахов Роман Володимирович"
"40041943","ТОВ ""ЕКО РАДА""","Малахов Роман Володимирович"
"40058344","ТОВ""МЕТАЛУРГБУД""","Малахов Роман Володимирович"
"40081017","ТОВ ""Запорізький інструментально-механічний завод""","Малахов Роман Володимирович"
"41408616","ТОВ ""АГРОКУБ""","Малахов Роман Володимирович"
"2236414299","ФОП  Шутка Володимир Леонідович","Малахов Роман Володимирович"
"2758106959","Приватний виконавець Сколибог Олександр Сергійович","Малахов Роман Володимирович"
"993610","ДП «Сєвєродонецьке ЛМГ»","Мирошник Михайло Михайлович"
"2006707","КУ «Запорізький обласний протитуберкульозний клінічний диспансер» Запорізької обласної ради ","Мирошник Михайло Михайлович"
"2143643","Відділ освіти Білоцерковської районної державної адміністрації","Мирошник Михайло Михайлович"
"3355726","МКП ""Виробниче управління водопровідно-каналізаційного господарства м. Херсона""","Мирошник Михайло Михайлович"
"5385631","Кременчуцький національний університет імені Михайла Остроградського","Мирошник Михайло Михайлович"
"5480825","КУ ""Маріупольська міська лікарня №9 - медико-санітарна частина працівників департаменту морського флоту""","Мирошник Михайло Михайлович"
"22039058","КЛПУ Новогродівська центральна міська лікарня","Мирошник Михайло Михайлович"
"36267262","КП ""Лиманський ""Зеленбуд""","Мирошник Михайло Михайлович"
"37544435","КЗ «ЦПМСД Ясинуватського району»","Мирошник Михайло Михайлович"
"38009738","Державна екологічна інспекція у Волинській обл.","Мирошник Михайло Михайлович"
"38500095","КУ «Центр екстреної медичної допомоги та медицини катастроф» Житомирської обласної ради","Мирошник Михайло Михайлович"
"38679366","КП ""Благоустрій Софіївки"" Софіївсько-Борщагівської сільської ради","Мирошник Михайло Михайлович"
"40207047","ТОВ ""ЗАВОД СВІТЛОТЕХНІКА""","Мирошник Михайло Михайлович"
"22450","ЛУГАНСЬКА ОБЛАСНА ДЕРЖАВНА АДМІНІСТРАЦІЯ","Павелко Євгеній Миколайович"
"292333","ПАТ «ЗАПОРІЖНЕРУДПРОМ»","Павелко Євгеній Миколайович"
"388168","ДП "" Український науково-дослідний інститут вагонобудування""","Павелко Євгеній Миколайович"
"493698","Таврійський Державний Агротехнологічний Університет","Павелко Євгеній Миколайович"
"728799","Борщівський агротехнічний коледж","Павелко Євгеній Миколайович"
"729600","Інститут сільского господарства Західного Полісся НААНУ""","Павелко Євгеній Миколайович"
"731270","Департамент агропромислового розвитку Запорізької обласної державної адміністрації","Павелко Євгеній Миколайович"
"992964","ДП ""Сумське лісове господарство"" ","Павелко Євгеній Миколайович"
"1034142","Управління каналів Інгулецької зрошувальної системи                     ","Павелко Євгеній Миколайович"
"1034707","Олешківське міжрайонне управдіння водного господарства","Павелко Євгеній Миколайович"
"1992877","Мелітопольська ЦРЛ","Павелко Євгеній Миколайович"
"1994155","ОБУХІВСЬКА ЦЕНТРАЛЬНА РАЙОННА ЛІКАРНЯ","Павелко Євгеній Миколайович"
"2004083","Комунальне підприємство «Олешківська центральна районна лікарня»","Павелко Євгеній Миколайович"
"2009040","Управління охорони здоров`я Кам'янець -Подільської міської ради","Павелко Євгеній Миколайович"
"2141609","Відділ освіти Ківерцівської районної державної адміністрації Волинської області","Павелко Євгеній Миколайович"
"2142075","Відділ освіти Новоайдарської районної державної адміністрації","Павелко Євгеній Миколайович"
"2142431","Відділ освіти Криворізької РДА","Павелко Євгеній Миколайович"
"2142619","Відділ освіти Бахмутської РДА Донецької області","Павелко Євгеній Миколайович"
"2144921","Відділ освіти, молоді та спорту Казанківської РДА","Павелко Євгеній Миколайович"
"3327090","КП "" Водоканал"" Мелітопольської міської ради Запорізької області","Павелко Євгеній Миколайович"
"3327983","КП ""Сєвєродонецьккомунсервіс""","Павелко Євгеній Миколайович"
"3342250","Комунальне підприємство «Павлоградтеплоенерго»","Павелко Євгеній Миколайович"
"3353816","Почаївський комбінат комунальних підприємств","Павелко Євгеній Миколайович"
"4059958","Виконавчий комітет Херсонської міської ради","Павелко Євгеній Миколайович"
"4354019","Воскресенська сільська рада Пологівського району Запорізької області","Павелко Євгеній Миколайович"
"4718013","Сумський національний 
аграрний університет","Павелко Євгеній Миколайович"
"13555047","КП ""ЗЕЛЕНБУД"" ","Павелко Євгеній Миколайович"
"14373165","Департамент з питань цивільного захисту населення Запорізькаої обласної державної адміністрації","Павелко Євгеній Миколайович"
"20361881","Донецьке вище училище олімпійського резерву ім.. С. Бубки","Павелко Євгеній Миколайович"
"22782138","Комунальне підприємство по зеленому будівництву і благоустрою міста виконавчого комітету Хмельницької міської ради","Павелко Євгеній Миколайович"
"25811774","Група по транспортно-господарському осбслуговуванню міськрад","Павелко Євгеній Миколайович"
"26301058","Вітовський загін місцевої пожежної охорони","Павелко Євгеній Миколайович"
"26349220","ПАТ ""ЛИСИЧАНСЬКВУГІЛЛЯ"" (ВП ""АВТОБАЗА"") ","Павелко Євгеній Миколайович"
"26349220","ПАТ ""Лисичанськвугілля""","Павелко Євгеній Миколайович"
"26447320","УПРАВЛІННЯ ОХОРОНИ ЗДОРОВ'Я СЄВЄРОДОНЕЦЬКОЇ МІСЬКОЇ РАДИ","Павелко Євгеній Миколайович"
"26514713","Хмельницький обласний центр екстренної медичної допомоги та медицини катастроф Хмельницької обласної ради","Павелко Євгеній Миколайович"
"31522332","ТОВАРИСТВО З ОБМЕЖЕНОЮ ВІДПОВІДАЛЬНІСТЮ""АГРОХІМСЕРВІС""","Павелко Євгеній Миколайович"
"31789170","КП ""Міськсвітло""","Павелко Євгеній Миколайович"
"32021311","ПП ""Каштан""","Павелко Євгеній Миколайович"
"32035139","ДП «Волинський облавтодор» ВАТ «ДАК «Автомобільні дороги України»","Павелко Євгеній Миколайович"
"33000065","Комунальне унітарне підприємство «НАШ ДІМ» Дніпрорудненської міської ради","Павелко Євгеній Миколайович"
"33315831","Державне підприємство ""Вінницьке лісове господарство""","Павелко Євгеній Миколайович"
"33960691","ТОВ ""Завод полупровідників""","Павелко Євгеній Миколайович"
"34021133","Рівненський районний територіальний центр соціального обслуговування (надання соціальних послуг)","Павелко Євгеній Миколайович"
"34417131","ДП СЛАП ""Ратнеагроліс""","Павелко Євгеній Миколайович"
"34789922","ТО"" Торговий Дім ""Запорізький Індустріально-механічний Завод""","Павелко Євгеній Миколайович"
"34984907","Головне територіальне управління юстиції у Дніпропетровської області","Павелко Євгеній Миколайович"
"35028260","Головне управління охорони, використання і відтворення водних біоресурсів та регулювання рибальства в Херсонській області","Павелко Євгеній Миколайович"
"36408876","ПРИВАТНЕ ПІДПРИЄМСТВО-КОМПАНІЯ""ТРАНСБУД ІНЖИНІРИНГ""","Павелко Євгеній Миколайович"
"36448573","Мелітопольське міжрайонне управління водного господарства","Павелко Євгеній Миколайович"
"36969901","Маслівський аграрний коледж ім. П.Х. Гаркавого Білоцерківського національного аграрного університету","Павелко Євгеній Миколайович"
"37048032","КУ «Мурованокуриловецький  районний медичний центр первинної медико-санітарної допомоги»","Павелко Євгеній Миколайович"
"37271416","ТЕРИТОРІАЛЬНЕ МЕДИЧНЕ ОБ'ЄДНАННЯ ЛЮБОМЛЬСЬКОГО І ШАЦЬКОГО РАЙОНІВ (ЄДИНИЙ МЕДИЧНИЙ ПРОСТІР ЛЮБОМЛЬСЬКОГО І ШАЦЬКОГО РАЙОНІВ ВОЛИНСЬКОЇ ОБЛАСТІ)","Павелко Євгеній Миколайович"
"37446362","Житомирський апеляційний адміністративний суд","Павелко Євгеній Миколайович"
"37752790","МКП «Бердичівкомунсервіс""","Павелко Євгеній Миколайович"
"37868949","КОМУНАЛЬНИЙ ЗАКЛАД  ОХОРОНИ ЗДОРОВ'Я ""ЦЕНТР ПЕРВИННОЇ МЕДИЧНОЇ (МЕДИКО-САНІТАРНОЇ) ДОПОМОГИ БАХМУТСЬКОЇ МІСЬКОЇ РАДИ""","Павелко Євгеній Миколайович"
"37927092","Комунальний заклад «Бахмутський районний центр первинної медико-санітарної допомоги»","Павелко Євгеній Миколайович"
"37997217","Комунальний заклад «Центр первинної медико-санітарної допомоги Мелітопольської районної ради Запорізької області» ","Павелко Євгеній Миколайович"
"38447428","Комунальний заклад ""Кам'янець-Подільський Районний Центр Первинної Медико-Санітарної Допомоги""","Павелко Євгеній Миколайович"
"38469108","Відділ освіти, молоді та спорту Хмельницької районної державної адміністрації","Павелко Євгеній Миколайович"
"38645871","КЗ ОЛЕШКІВСЬКИЙ РАЙОННИЙ ЦЕНТР ПЕРВИННО-МЕДИКО САНІТАРНОЇ ДОПОМОГИ","Павелко Євгеній Миколайович"
"38761770","КУ ""Василівський районний центр фінансового обліку та матеріально-теехнічного забезпечення закладів та установ освіти"" Василівської районної ради Запорізької області","Павелко Євгеній Миколайович"
"39002073","КУ "" Бериславський районний центр по обслуговуванню закладів освіти"" ","Павелко Євгеній Миколайович"
"39052716","ТОВ""Глобал Гідравдік Солюшнс""""","Павелко Євгеній Миколайович"
"39571261","ВІдділ освіти і науки Бурштинської міської ради","Павелко Євгеній Миколайович"
"39751804","Відділ освіти Кам'янець-Подільської РДА Хмельницької області","Павелко Євгеній Миколайович"
"40109152","Управління поліції охорони в Луганській області","Павелко Євгеній Миколайович"
"41597964","УПРАВЛІННЯ ОСВІТИ, КУЛЬТУРИ, МОЛОДІ ТА СПОРТУ КРИВОРІЗЬКОЇ РАЙОННОЇ ДЕРЖАВНОЇ АДМІНІСТРАЦІЇ","Павелко Євгеній Миколайович"
"39698044   ","Комунальна установа «Новоодеський РЦ ФГ та НМ ЗЗО»   ","Павелко Євгеній Миколайович"
"159462","Десятий воєнізований гірничорятувальний загін","Пелипас Олександр Сергійович"
"991605","ДП""Новоайдарське лісомисливське господарство""","Пелипас Олександр Сергійович"
"993515","Державне підприємство «Корюківське лісове господарство»","Пелипас Олександр Сергійович"
"1987132","Лисичанська комунальна лікувально-профілактична установа станція швидкої медичної допомоги","Пелипас Олександр Сергійович"
"1991116","КОМУНАЛЬНА  ЛІКУВАЛЬНО-ПРОФІЛАКТИЧНА УСТАНОВА СЕЛИДІВСЬКА ЦЕНТРАЛЬНА МІСЬКА ЛІКАРНЯ","Пелипас Олександр Сергійович"
"2004864","Малостаросільський психоневрологічний інтернат ","Пелипас Олександр Сергійович"
"2142767","Відділ освіти Ясинуватської  районної державної адміністрації","Пелипас Олександр Сергійович"
"2143471","Управління освіти молоді та спорту Богородчанської РДА","Пелипас Олександр Сергійович"
"2312933","Департамент фінансів Маріупольської міської ради","Пелипас Олександр Сергійович"
"2929088","Управління молоді та спорту Мелітопольскої міської ради Запорізької області","Пелипас Олександр Сергійович"
"3190254","Камишівський психоневрологічний інтернат","Пелипас Олександр Сергійович"
"3343350","Комунальне підприємство ""Бахмутський комбінат комунальних підприємств""","Пелипас Олександр Сергійович"
"3361845","Маріупольське комунальне підприємство зеленого будівництва","Пелипас Олександр Сергійович"
"3364731","Управління муніципального розвитку  Бахмутської міської ради","Пелипас Олександр Сергійович"
"4342424","Комарська  сільська   рада","Пелипас Олександр Сергійович"
"5498878","КУ ""Запорізький обласний шкірно-венерологічний клінічний диспансер"" Запорізької обласної ради","Пелипас Олександр Сергійович"
"7835529","Запорізький обласний військовий комісаріат","Пелипас Олександр Сергійович"
"23311429","Військова частина 1470Р","Пелипас Олександр Сергійович"
"23419138","ПМП ""ЛОЦМЕН""","Пелипас Олександр Сергійович"
"24451782","Інспекція міської ради з благоустроюм. Маріуполя","Пелипас Олександр Сергійович"
"24817332","Красноармійський міський центр зайнятості","Пелипас Олександр Сергійович"
"25219707","СЛУЖБА У СПРАВАХ ДІТЕЙ МЕЛІТОПОЛЬСЬКОЇ МІСЬКОЇ РАДИ ЗАПОРІЗЬКОЇ ОБЛАСТІ","Пелипас Олександр Сергійович"
"25670090","Територіальний центр надання соціальних послуг Бахмутської міської ради","Пелипас Олександр Сергійович"
"25708088","Миколаївська ЗОШ ","Пелипас Олександр Сергійович"
"25953117","КЛПУ «Міський протитуберкульозний диспансер м. Бахмут»","Пелипас Олександр Сергійович"
"25953149","КЛПУ «Міський шкірно-венерологічний диспансер м. Бахмут""","Пелипас Олександр Сергійович"
"25953178","Управління праці та соціального захисту населення Бахмутської  міської Ради  ","Пелипас Олександр Сергійович"
"26074421","КУ""Мелітопольський центр профілактики та боротьби зі СНІДом""ЗОР","Пелипас Олександр Сергійович"
"30000565","ТОВ ""АТП-12307""","Пелипас Олександр Сергійович"
"30295729","ТОВ ""СПЕЦІАЛІЗОВАНЕ ПІДПРИЄМСТВО ""САНСЕТ ЛІФТСЕРВІС""","Пелипас Олександр Сергійович"
"32121458","Концерн ""Місьські теплові мережі""","Пелипас Олександр Сергійович"
"32164402","Комунальне підприємство ""КОМУНАЛЬНИК""","Пелипас Олександр Сергійович"
"32349545","КП ""Чистота"" Мелітопольської міської ради Запорізької області","Пелипас Олександр Сергійович"
"32369086","ТОВ ""Автобусний парк""","Пелипас Олександр Сергійович"
"32599212","ПП""ПАРУС""","Пелипас Олександр Сергійович"
"32723194","КП «Житломасив» ММР ЗО","Пелипас Олександр Сергійович"
"32934901","Ландшафтний парк ""Краматорськ""","Пелипас Олександр Сергійович"
"33221885","ТОВАРИСТВО З ОБМЕЖЕНОЮ ВІДПОВІДАЛЬНІСТЮ «ТОРГІВЕЛЬНО-ПРОМИСЛОВЕ ОБ’ЄДНАННЯ «АРІСТА»","Пелипас Олександр Сергійович"
"34081412","Відділ охорони здоров'я Мар'їнської районної  державної адміністрації Донецької області","Пелипас Олександр Сергійович"
"35124425","Центр соціальної реабілітації дітей-інвалідів ""Вогник Надії""  Мар'їнського району Донецької області","Пелипас Олександр Сергійович"
"35174848","ТОВ ""ПЕРША ДОРОЖНЬО-БУДІВЕЛЬНА КОМПАНІЯ""","Пелипас Олександр Сергійович"
"35420080","Комунальне підприємство Слов'янської міської ради "" Словміськводоканал""","Пелипас Олександр Сергійович"
"35560827","Виконавчий комітет Сартанської селищної ради","Пелипас Олександр Сергійович"
"36912111","ТОВ ""Торгівельна група ""Арагон""","Пелипас Олександр Сергійович"
"37503713","Управління розвитку міського господарства та капітального будівництва Бахмутської міської ради","Пелипас Олександр Сергійович"
"37934309","КЗ «Вугледарський центр первинної медико-санітарної допомоги» ","Пелипас Олександр Сергійович"
"37937247","КЗ "" ЦПМСД м. Дружківка""","Пелипас Олександр Сергійович"
"38135969","Новоайдарський Центр первинної медико-санітарної допомоги","Пелипас Олександр Сергійович"
"38533251","ВІДДІЛ ОСВІТИ, МОЛОДІ ТА СПОРТУ РАХІВСЬКОЇ РАЙОННОЇ ДЕРЖАВНОЇ АДМІНІСТРАЦІЇ","Пелипас Олександр Сергійович"
"39609737","КУ "" Центр фінансового та матеріально-технічного забеспечення освітніх закладів"" Токмацької районної ради Запорізької області ","Пелипас Олександр Сергійович"
"40262589","ТОВ ""БУСКОМПЛЕКТ""","Пелипас Олександр Сергійович"
"40668793","ТОВ ""КП СПЕЦПРОЕКТ""","Пелипас Олександр Сергійович"
"40761077","КП «Благоустрій» Вугледарської міської ради","Пелипас Олександр Сергійович"
"40940113","ККП «МАРІУПОЛЬАВТОДОР»","Пелипас Олександр Сергійович"
"41285608","ТОВ ""ПОСТАЧ СЕРВІС 2017""","Пелипас Олександр Сергійович"
"41477873","КП""ТОКМАЦЬКА БАГАТОПРОФІЛЬНА ЛІКАРНЯ ІНТЕНСИВНОГО ЛІКУВАННЯ"" ТОКМАЦЬКОЇ МІСЬКОЇ РАДИ","Пелипас Олександр Сергійович"
"2477302072","ФОП Сінєок Віталій  Станіславович","Пелипас Олександр Сергійович"
"2598010893","ФО-П Саламатін Олег Анатолійович","Пелипас Олександр Сергійович"
"2973602132","ФОП Попутько Олександр Васильович","Пелипас Олександр Сергійович"
"703173","Регіональна державна лабораторія Держпродспоживслужби в Полтавській області","Хараберюш Николай Николаевич"
"729534","Полтавська держана с/г дослідна станція ім. М.І.Вавілова ІСіАПВ НААНу","Хараберюш Николай Николаевич"
"1984174","Комунальний заклад  «Павлоградська міська лікарня №4»ДОР»","Хараберюш Николай Николаевич"
"1994497","КОМУНАЛЬНА ОРГАНІЗАЦІЯ (УСТАНОВА, ЗАКЛАД) БРОВАРСЬКА ЦЕНТРАЛЬНА РАЙОННА ЛІКАРНЯ","Хараберюш Николай Николаевич"
"1995195","КЗ ""Обласна туберкульозна лікарня""","Хараберюш Николай Николаевич"
"1999655","1-а міська клінічна лікарня м. Полтава","Хараберюш Николай Николаевич"
"2004108","КЗ "" Центральна міська лікарня м. Нова Каховка""","Хараберюш Николай Николаевич"
"2005484","ЧЕРКАСЬКА ЦЕНТРАЛЬНА РАЙОННА ЛІКАРНЯ","Хараберюш Николай Николаевич"
"2010698","Донецький національний медичний університет","Хараберюш Николай Николаевич"
"2141710","Відділ освіти, молоді та спорту Горохівської районної державної адміністрації","Хараберюш Николай Николаевич"
"2143057","Відділ освіти Коростенської районної державної адміністрації","Хараберюш Николай Николаевич"
"2143117","Відділ освіти Новоград-Волинської районної державної адміністрації","Хараберюш Николай Николаевич"
"2143593","Управління освіти, молоді та спорту Снятинської РДА Івано-Франківської області ","Хараберюш Николай Николаевич"
"2145180","Відді освіти,молоді та спорту Кодимської РДА","Хараберюш Николай Николаевич"
"2145955","ВІДДІЛ З ПИТАНЬ ОСВІТИ, МОЛОДІ ТА СПОРТУ ЗАЛІЩИЦЬКОЇ РАЙОННОЇ ДЕРЖАВНОЇ АДМІНІСТРАЦІЇ","Хараберюш Николай Николаевич"
"2147115","Відділ освіти, молоді та спорту Канівської районної державної адміністрації","Хараберюш Николай Николаевич"
"2147300","Управління освіти Глибоцької райдержадміністрації","Хараберюш Николай Николаевич"
"2147718","Відділ освіти Буринської районної державної адміністрації","Хараберюш Николай Николаевич"
"2147836","Відділ освіти Сумської районної державної адміністрації","Хараберюш Николай Николаевич"
"3077397","КУ «Мелітопольська міська лікарня  №2» Мелітопольської міської ради Запорізької області,","Хараберюш Николай Николаевич"
"3096897","Комунальний заклад ""Міська лікарня № 8""","Хараберюш Николай Николаевич"
"3096992","КЛПУ ""Міська психіатрична лікарня № 7 м. Маріуполя""","Хараберюш Николай Николаевич"
"3341339","КП ""Нікопольське виробниче управління водопровідно-каналізаційного господарства"" Нікопольської міської ради","Хараберюш Николай Николаевич"
"3353800","Підволочиське управління житлово-комунального господарства","Хараберюш Николай Николаевич"
"3356252","Старокостянтинівська житлово-експлуатаційна контора","Хараберюш Николай Николаевич"
"3364889","Комунальне виробничо-господарьске підприємство","Хараберюш Николай Николаевич"
"4062096","Вижницька міська рада Вижницького району Чернівецької області ","Хараберюш Николай Николаевич"
"4335571","Новоайдарська селищна рада","Хараберюш Николай Николаевич"
"5474369","ДЕРЖАВНА ОРГАНІЗАЦІЯ (УСТАНОВА, ЗАКЛАД) ГЕНІЧЕСЬКЕ УПРАВЛІННЯ ВОДНОГО ГОСПОДАРСТВА","Хараберюш Николай Николаевич"
"20508060","Запорізький міський територіальний центр соціального обслуговування (надання соціальних послуг)","Хараберюш Николай Николаевич"
"25575150","ДЕРЖАВНА ОРГАНІЗАЦІЯ (УСТАНОВА, ЗАКЛАД) ЛЬВІВСЬКИЙ НАУКОВО-ДОСЛІДНИЙ ЕКСПЕРТНО-КРИМІНАЛІСТИЧНИЙ ЦЕНТР МВС УКРАЇНИ","Хараберюш Николай Николаевич"
"31813496","ПП ""Профіт Індастріз""","Хараберюш Николай Николаевич"
"32405358","ТОВ «АГРОФІРМА «ЛИСОГІРСЬКА» ","Хараберюш Николай Николаевич"
"33086713","ТОВ «Трускавецький водоканал»","Хараберюш Николай Николаевич"
"34874347","Головне територіальне управління юстиції у Полтавській області","Хараберюш Николай Николаевич"
"34898944","Головне територіальне управління юстиції у Донецькій області","Хараберюш Николай Николаевич"
"34900660","Головне управління юстиції у Житомирській області","Хараберюш Николай Николаевич"
"37573094","ДЕПАРТАМЕНТ ОСВІТИ І НАУКИ ЗАПОРІЗЬКОЇ МІСЬКОЇ РАДИ","Хараберюш Николай Николаевич"
"37573508","Департамент надання адміністративних послуг та розвитку підприємництва Запорізької міської ради","Хараберюш Николай Николаевич"
"37643758","КЗ «Центр первинної медико-санітарної допомоги» Слов’янської районної ради Донецької області ","Хараберюш Николай Николаевич"
"38367455","КУ ""Олександровський РЦ фінансово-господарського обслуговування закладів та установ освіти"" Олександрівської районної ради Донецької області","Хараберюш Николай Николаевич"
"38969547","Комунальний заклад «Запорізький центр первинної медико-санітарної допомоги № 5""","Хараберюш Николай Николаевич"
"39402835","Відділ освіти Вижницької РДА","Хараберюш Николай Николаевич"
"39705831","ТОВ ""АГРО-ДЕТАЛЬ""","Хараберюш Николай Николаевич"
"40169379","Відділ охорони здоров’я виконавчого комітету Мукачівської міської ради ","Хараберюш Николай Николаевич"
"40329345","Головне управління Пенсійного фонду України  в Чернівецькій обл","Хараберюш Николай Николаевич"
"40505475","КОМУНАЛЬНЕ ПІДПРИЄМСТВО ЯГОТИНСЬКОЇ МІСЬКОЇ РАДИ ""КОМУНАЛЬНИК""","Хараберюш Николай Николаевич"
"41083518","МКП «Щасливі тварини» ","Хараберюш Николай Николаевич"
"131529","ПРИВАТНЕ АКЦІОНЕРНЕ ТОВАРИСТВО ""ЗАКАРПАТТЯОБЛЕНЕРГО""","Цыганкова Оксана Александровна"
"724882","Державна установа ""Миколаївська державна сільськогосподарська дослідна станція  інституту  зрошуваного  землеробства  Національної  академії аграрних наук України», ","Цыганкова Оксана Александровна"
"2004717","Хмельницька обласна лікарня","Цыганкова Оксана Александровна"
"2005450","Тальнівська центральна районна лікарня","Цыганкова Оксана Александровна"
"2006722","КЗ ""Запорізька центральна районна лікарня""ЗРР","Цыганкова Оксана Александровна"
"2007070","Миколаївська  обласна  дитяча  клінічна лікарня Миколаївської обласної ради ","Цыганкова Оксана Александровна"
"2141348","Відділ освіти Козятинської РДА","Цыганкова Оксана Александровна"
"2141590","Відділ освіти Ковельської РДА","Цыганкова Оксана Александровна"
"2141762","Відділ освіти Камінь-Каширської районної державної адміністрації","Цыганкова Оксана Александровна"
"2143198","Відділ освіти Чуднівської  райдержадміністрації","Цыганкова Оксана Александровна"
"2144594","Відділ освіти Городоцької районної державної адміністрації Львівської області","Цыганкова Оксана Александровна"
"2146044","Відділ освіти Тернопільської районної державної адміністрації","Цыганкова Оксана Александровна"
"2544129","ДНЗ ""Василівський професійний ліцей""","Цыганкова Оксана Александровна"
"2568319","ДП ""Тернопільський науково-виробничий центр стандартизації, метрології та сертифікації""","Цыганкова Оксана Александровна"
"3355904","Кам’янець-Подільське комунальне підприємство  «Житловик» ","Цыганкова Оксана Александровна"
"3491062","Івано-Франківський обласний центр зайнятості","Цыганкова Оксана Александровна"
"4061211","Канівська районна державна адміністрація ","Цыганкова Оксана Александровна"
"4542985","ЛУГАНСЬКА ОБЛАСНА ДИТЯЧА КЛІНІЧНА ЛІКАРНЯ","Цыганкова Оксана Александровна"
"5408102","Тернопільський національний технічний університет імені Івана Пулюя","Цыганкова Оксана Александровна"
"5448946","Комунальне автотранстпортне підприємство 052810","Цыганкова Оксана Александровна"
"10363645","Дубенське міжрайонне управління водного господарства","Цыганкова Оксана Александровна"
"13504334","ПрАТ ""АЗОВЗАГАЛЬМАШ""","Цыганкова Оксана Александровна"
"14373035","Управління з питань цивільного захисту Волинської облдержадміністрації","Цыганкова Оксана Александровна"
"20356259","Селянське (фермерське) господарство ""Практика""","Цыганкова Оксана Александровна"
"25106350","ТОВ ""Телерадіокомпанія ""ТВ-7""","Цыганкова Оксана Александровна"
"33225015","Опорний навчальний заклад ""Попаснянська ЗОШ І-ІІІ ступенів № 1 Попаснянської  районної ради Луганської області""","Цыганкова Оксана Александровна"
"33503442","Комунальне підприємство ""Бахмутелектротранс""","Цыганкова Оксана Александровна"
"33653542","ТОВ ""Рошен-Маріуполь""","Цыганкова Оксана Александровна"
"34264453","3 територіальний Одеський вузол урядового зв'язку Державної служби спеціального зв'язку та захисту інформації України","Цыганкова Оксана Александровна"
"35398202","ТОВ ""КЕНДІТРЕЙД""","Цыганкова Оксана Александровна"
"35814781","Комунальна установа  «Козятинський районний медичний центр первинної медично-санітарної допомоги»","Цыганкова Оксана Александровна"
"37572331","КОМУНАЛЬНЕ ПІДПРИЄМСТВО ""БАР -БЛАГОУСТРІЙ"" БАРСЬКОЇ МІСЬКОЇ РАДИ","Цыганкова Оксана Александровна"
"37887516","КП “Парки та сквери м. Луцька” ","Цыганкова Оксана Александровна"
"37909225","КУ "" Коростенський геріатричний пансіонат для ветеранів війни та праці"" Житомирської обласної ради","Цыганкова Оксана Александровна"
"38006758","КЗ "" ЦПМСД Новоград-Волинського району"" Новоград-Волинської районної ради Житомирської області","Цыганкова Оксана Александровна"
"38068238","Виконавчий комітет Лиманської міської ради Донецької області","Цыганкова Оксана Александровна"
"38407277","КУ ""Ізмаїльська міська центральна лікарня""","Цыганкова Оксана Александровна"
"38699838","КУ ""Бердянський центр первинної медико-санітарної допомоги"" Бердянської міської ради","Цыганкова Оксана Александровна"
"38732879","КЗ ""Запорізький районний центр первинної медико-санітарної допомоги"" Запорізької районної ради , Запорізької області ","Цыганкова Оксана Александровна"
"39281431","ТОВ ""КЕРУЮЧА КОМПАНІЯ ""МАРІУПОЛЬСЬКА ІНВЕСТИЦІЙНА ГРУПА""","Цыганкова Оксана Александровна"
"39764698","АЗОВСЬКА МАШИНОБУДІВНА КОМПАНІЯ","Цыганкова Оксана Александровна"
"40018694","ТОВ ""МАРІТАЙМ ЛОГІСТІКС""","Цыганкова Оксана Александровна"
"40822553","ТОВ ""Маріупольська машинобудівна компанія""","Цыганкова Оксана Александровна"
"41892113","ВІДДІЛ ОСВІТИ, МОЛОДІ ТА СПОРТУ РАДОМИШЛЬСЬКОЇ МІСЬКОЇ РАДИ ЖИТОМИРСЬКОЇ ОБЛАСТІ","Цыганкова Оксана Александровна"
"49333440","Головне управління Держпродспоживслужби в Черкаській області","Цыганкова Оксана Александровна"
